player_name,team,season,status,base_price_lakh,price_lakh,role
Smriti Mandhana,RCB,2023,sold,50.0,340.0,
Harmanpreet Kaur,MI,2023,sold,50.0,180.0,
Sophie Devine,RCB,2023,sold,50.0,50.0,
Ashleigh Gardner,GG,2023,sold,50.0,320.0,
Ellyse Perry,RCB,2023,sold,50.0,170.0,
Sophie Ecclestone,UPW,2023,sold,50.0,180.0,
Deepti Sharma,UPW,2023,sold,50.0,260.0,
Renuka Singh,RCB,2023,sold,50.0,150.0,
Nat Sciver-Brunt,MI,2023,sold,50.0,320.0,
Tahlia McGrath,UPW,2023,sold,40.0,140.0,
Beth Mooney,GG,2023,sold,40.0,200.0,
Shabnim Ismail,UPW,2023,sold,40.0,100.0,
Melie Kerr,MI,2023,sold,40.0,100.0,
Sophia Dunkley,GG,2023,sold,30.0,60.0,
Jemimah Rodrigues,DC,2023,sold,50.0,220.0,
Meg Lanning,DC,2023,sold,50.0,110.0,
Shafali Verma,DC,2023,sold,50.0,200.0,
Annabel Sutherland,GG,2023,sold,30.0,70.0,
Harleen Deol,GG,2023,sold,40.0,40.0,
Pooja Vastrakar,MI,2023,sold,50.0,190.0,
Deandra Dottin,GG,2023,sold,50.0,60.0,
Yastika Bhatia,MI,2023,sold,40.0,150.0,
Richa Ghosh,RCB,2023,sold,50.0,190.0,
Alyssa Healy,UPW,2023,sold,50.0,70.0,
Anjali Sarvani,UPW,2023,sold,30.0,55.0,
Rajeshwari Gayakwad,UPW,2023,sold,40.0,40.0,
Radha Yadav,DC,2023,sold,40.0,40.0,
Shikha Pandey,DC,2023,sold,40.0,60.0,
Sneh Rana,GG,2023,sold,50.0,75.0,
Marizanne Kapp,DC,2023,sold,40.0,150.0,
Parshavi Chopra,UPW,2023,sold,10.0,10.0,
Titas Sadhu,DC,2023,sold,10.0,25.0,
Shweta Sehrawat,UPW,2023,sold,10.0,40.0,
Soppadhandi Yashasri,UPW,2023,sold,10.0,10.0,
Kiran Navgire,UPW,2023,sold,30.0,30.0,
Sabbhineni Meghana,GG,2023,sold,30.0,30.0,
Erin Burns,RCB,2023,sold,30.0,30.0,
Heather Graham,MI,2023,sold,30.0,30.0,
Grace Harris,UPW,2023,sold,30.0,75.0,
Georgia Wareham,GG,2023,sold,30.0,75.0,
Alice Capsey,DC,2023,sold,30.0,75.0,
Issy Wong,MI,2023,sold,30.0,30.0,
Mansi Joshi,GG,2023,sold,30.0,30.0,
Devika Vaidya,UPW,2023,sold,40.0,140.0,
Amanjot Kaur,MI,2023,sold,30.0,50.0,
Dayalan Hemalatha,GG,2023,sold,30.0,30.0,
Lauren Bell,UPW,2023,sold,30.0,30.0,
Monica Patel,GG,2023,sold,30.0,30.0,
Tara Norris,DC,2023,sold,10.0,10.0,
Laura Harris,DC,2023,sold,10.0,45.0,
Dhara Gujjar,MI,2023,sold,10.0,10.0,
Jasia Akhter,DC,2023,sold,20.0,20.0,
Disha Kasat,RCB,2023,sold,10.0,10.0,
Laxmi Yadav,UPW,2023,sold,10.0,10.0,
Indrani Roy,RCB,2023,sold,10.0,10.0,
Minnu Mani,DC,2023,sold,10.0,30.0,
Shreyanka Patil,RCB,2023,sold,10.0,10.0,
Kanika Ahuja,RCB,2023,sold,10.0,35.0,
Tanuja Kanwar,GG,2023,sold,10.0,50.0,
Saika Ishaque,MI,2023,sold,10.0,10.0,
Asha Sobhana,RCB,2023,sold,10.0,10.0,
Hayley Matthews,MI,2023,sold,40.0,40.0,
Heather Knight,RCB,2023,sold,40.0,40.0,
Taniya Bhatia,DC,2023,sold,30.0,30.0,
Sushma Verma,GG,2023,sold,30.0,60.0,
Poonam Yadav,DC,2023,sold,30.0,30.0,
Jess Jonassen,DC,2023,sold,50.0,50.0,
Hurley Gala,GG,2023,sold,10.0,10.0,
Sneha Deepthi,DC,2023,sold,30.0,30.0,
Arundhati Reddy,DC,2023,sold,30.0,30.0,
Chloe Tryon,MI,2023,sold,30.0,30.0,
Dane van Niekerk,RCB,2023,sold,30.0,30.0,
Preeti Bose,RCB,2023,sold,30.0,30.0,
Simran Shaikh,UPW,2023,sold,,10.0,
Aparna Mondal,DC,2023,sold,10.0,10.0,
Ashwani Kumari,GG,2023,sold,10.0,35.0,
Humaira Kazi,MI,2023,sold,10.0,10.0,
Poonam Khemnar,RCB,2023,sold,10.0,10.0,
Komal Zanzad,RCB,2023,sold,10.0,25.0,
Parunika Sisodia,GG,2023,sold,10.0,10.0,
Priyanka Bala,MI,2023,sold,20.0,20.0,
Megan Schutt,RCB,2023,sold,40.0,40.0,
Shabnam Shakil,GG,2023,sold,10.0,10.0,
Sonam Yadav,MI,2023,sold,10.0,10.0,
Jintimani Kalita,MI,2023,sold,10.0,10.0,
Neelam Bisht,MI,2023,sold,10.0,10.0,
Sahana Pawar,RCB,2023,sold,10.0,10.0,
Suzie Bates,,2023,unsold,30.0,,
Tazmin Brits,,2023,unsold,30.0,,
Laura Wolvaardt,,2023,unsold,30.0,,
Tammy Beaumont,,2023,unsold,30.0,,
Sune Luus,,2023,unsold,30.0,,
Danni Wyatt-Hodge,,2023,unsold,50.0,,
Chamari Athapaththu,,2023,unsold,30.0,,
Anushka Sanjeewani,,2023,unsold,30.0,,
Bernadine Bezuidenhout,,2023,unsold,30.0,,
Amy Jones,,2023,unsold,40.0,,
Shamilia Connell,,2023,unsold,30.0,,
Freya Davies,,2023,unsold,30.0,,
Jahanara Alam,,2023,unsold,30.0,,
Lea Tahuhu,,2023,unsold,30.0,,
Ayabonga Khaka,,2023,unsold,30.0,,
Shakera Selman,,2023,unsold,30.0,,
Sarah Glenn,,2023,unsold,30.0,,
Nonkululeko  Mlaba,,2023,unsold,30.0,,
Inoka Ranaweera,,2023,unsold,30.0,,
Alana King,,2023,unsold,40.0,,
Afy Fletcher,,2023,unsold,30.0,,
Fran Jonas,,2023,unsold,30.0,,
Leigh Kasperek,,2023,unsold,30.0,,
Nadine de Klerk,,2023,unsold,30.0,,
Salma Khatun,,2023,unsold,30.0,,
Hrishita Basu,,2023,unsold,10.0,,
Soumya Tiwari,,2023,unsold,10.0,,
Grace Scrivens,,2023,unsold,10.0,,
Archana Devi,,2023,unsold,10.0,,
Gongadi Trisha,,2023,unsold,10.0,,
Mannat Kashyap,,2023,unsold,10.0,,
Najla CMC,,2023,unsold,10.0,,
Falak Naz,,2023,unsold,10.0,,
Sonia Mendhiya,,2023,unsold,10.0,,
Shorna Akter,,2023,unsold,10.0,,
Shikha Shalot,,2023,unsold,20.0,,
Priya Punia,,2023,unsold,40.0,,
Bharti Fulmali,,2023,unsold,30.0,,
Kim Garth,,2023,unsold,30.0,,
Katherine Sciver-Brunt,,2023,unsold,50.0,,
Simran Bahadur,,2023,unsold,30.0,,
Anuja Patil,,2023,unsold,30.0,,
Swagatika Rath,,2023,unsold,30.0,,
Meghna Singh,,2023,unsold,50.0,,
Gouher Sultana,,2023,unsold,30.0,,
Ekta Bisht,,2023,unsold,30.0,,
Mahika Gaur,,2023,unsold,10.0,,
Divya G,,2023,unsold,10.0,,
Ishwari Savkar,,2023,unsold,10.0,,
Arushi Goel,,2023,unsold,10.0,,
Shipra Giri,,2023,unsold,10.0,,
Tarannum Pathan,,2023,unsold,10.0,,
Sajeevan Sajana,,2023,unsold,10.0,,
Nishu Choudhary,,2023,unsold,10.0,,
Sarah Bryce,,2023,unsold,10.0,,
Kathryn Bryce,,2023,unsold,10.0,,
Tess Flintoff,,2023,unsold,10.0,,
Neetu Singh,,2023,unsold,10.0,,
Parushi Prabhakar,,2023,unsold,10.0,,
Phoebe Litchfield,GG,2024,sold,,100.0,
Danni Wyatt-Hodge,UPW,2024,sold,,30.0,
Georgia Wareham,RCB,2024,sold,,40.0,
Annabel Sutherland,DC,2024,sold,,200.0,
Meghna Singh,GG,2024,sold,,30.0,
Shabnim Ismail,MI,2024,sold,,120.0,
Kate Cross,RCB,2024,sold,,30.0,
Ekta Bisht,RCB,2024,sold,,60.0,
Dinesh Vrinda,UPW,2024,sold,,130.0,
Gongadi Trisha,GG,2024,sold,,10.0,
Aparna Mondal,DC,2024,sold,,10.0,
Kashvee Gautam,GG,2024,sold,,200.0,
Poonam Khemnar,UPW,2024,sold,,10.0,
Sajeevan Sajana,MI,2024,sold,,15.0,
Amandeep Kaur,MI,2024,sold,,10.0,
Priya Mishra,GG,2024,sold,,20.0,
Lauren Cheatle,GG,2024,sold,,30.0,
Kathryn Bryce,GG,2024,sold,,10.0,
Mannat Kashyap,GG,2024,sold,,10.0,
Ashwani Kumari,DC,2024,sold,,10.0,
Fatima Jaffer,MI,2024,sold,,10.0,
Sathyamoorthy Keerthana,MI,2024,sold,,10.0,
Shubha Satheesh,RCB,2024,sold,,10.0,
Veda Krishnamurthy,GG,2024,sold,,30.0,
Sabbhineni Meghana,RCB,2024,sold,,30.0,
Simran Bahadur,RCB,2024,sold,,30.0,
Gouher Sultana,UPW,2024,sold,,30.0,
Sophie Molineux,RCB,2024,sold,,30.0,
Tarannum Pathan,GG,2024,sold,,10.0,
Bharti Fulmali,,2024,unsold,,,
Mona Meshram,,2024,unsold,,,
Punam Raut,,2024,unsold,,,
Naomi Stalenberg,,2024,unsold,,,
Maia Bouchier,,2024,unsold,,,
Priya Punia,,2024,unsold,,,
Devika Vaidya,,2024,unsold,,,
Deandra Dottin,,2024,unsold,,,
Nadine de Klerk,,2024,unsold,,,
Chamari Athapaththu,,2024,unsold,,,
Bess Heath,,2024,unsold,,,
Sushma Verma,,2024,unsold,,,
Amy Jones,,2024,unsold,,,
Tammy Beaumont,,2024,unsold,,,
Nuzhat Parween,,2024,unsold,,,
Lea Tahuhu,,2024,unsold,,,
Kim Garth,,2024,unsold,,,
Shamilia Connell,,2024,unsold,,,
Amanda-Jade Wellington,,2024,unsold,,,
Preeti Bose,,2024,unsold,,,
Alana King,,2024,unsold,,,
Inoka Ranaweera,,2024,unsold,,,
Drishya I V,,2024,unsold,,,
Jasia Akhter,,2024,unsold,,,
Arushi Goel,,2024,unsold,,,
Simran Shaikh,,2024,unsold,,,
Ridhima Aggarwal,,2024,unsold,,,
G Divya,,2024,unsold,,,
Sarah Bryce,,2024,unsold,,,
Theertha Satish,,2024,unsold,,,
Shivali Shinde,,2024,unsold,,,
Uma Chetry,,2024,unsold,,,
Gautami Naik,,2024,unsold,,,
Raghvi Bist,,2024,unsold,,,
Parushi Prabhakar,,2024,unsold,,,
Hurley Gala,,2024,unsold,,,
Nishu Choudhary,,2024,unsold,,,
Aditi Chauhan,,2024,unsold,,,
Komalpreet Kaur,,2024,unsold,,,
Komal Zanzad,,2024,unsold,,,
Haorungbam Chanu,,2024,unsold,,,
Rekha Singh,,2024,unsold,,,
Tara Norris,,2024,unsold,,,
Parunika Sisodia,,2024,unsold,,,
Sunanda Yetrekar,,2024,unsold,,,
Sonam Yadav,,2024,unsold,,,
Amisha Bahukhandi,,2024,unsold,,,
Nicola Carey,,2024,unsold,,,
Alice Davidson Richards,,2024,unsold,,,
Kristie Gordon,,2024,unsold,,,
Dhara Gujjar,,2024,unsold,,,
Nicola Hancock,,2024,unsold,,,
Milly Illingworth,,2024,unsold,,,
Paige Scholfield,,2024,unsold,,,
Anushka Sharma,,2024,unsold,,,
Iris Zwilling,,2024,unsold,,,
Bhavana Goplani,,2024,unsold,,,
Devika K,,2024,unsold,,,
Priyanka Koushal,,2024,unsold,,,
Tanisha Singh,,2024,unsold,,,
Smriti Mandhana,RCB,2024,retained,,340.0,
Harmanpreet Kaur,MI,2024,retained,,180.0,
Sophie Devine,RCB,2024,retained,,50.0,
Ashleigh Gardner,GG,2024,retained,,320.0,
Ellyse Perry,RCB,2024,retained,,170.0,
Sophie Ecclestone,UPW,2024,retained,,180.0,
Deepti Sharma,UPW,2024,retained,,260.0,
Nat Sciver-Brunt,MI,2024,retained,,320.0,
Tahlia McGrath,UPW,2024,retained,,140.0,
Beth Mooney,GG,2024,retained,,200.0,
Melie Kerr,MI,2024,retained,,100.0,
Sophia Dunkley,GG,2024,retained,,60.0,
Jemimah Rodrigues,DC,2024,retained,,220.0,
Meg Lanning,DC,2024,retained,,110.0,
Shafali Verma,DC,2024,retained,,200.0,
Harleen Deol,GG,2024,retained,,40.0,
Pooja Vastrakar,MI,2024,retained,,190.0,
Yastika Bhatia,MI,2024,retained,,150.0,
Richa Ghosh,RCB,2024,retained,,190.0,
Alyssa Healy,UPW,2024,retained,,70.0,
Anjali Sarvani,UPW,2024,retained,,55.0,
Rajeshwari Gayakwad,UPW,2024,retained,,40.0,
Radha Yadav,DC,2024,retained,,40.0,
Shikha Pandey,DC,2024,retained,,60.0,
Sneh Rana,GG,2024,retained,,75.0,
Marizanne Kapp,DC,2024,retained,,150.0,
Parshavi Chopra,UPW,2024,retained,,10.0,
Titas Sadhu,DC,2024,retained,,25.0,
Shweta Sehrawat,UPW,2024,retained,,40.0,
Soppadhandi Yashasri,UPW,2024,retained,,10.0,
Kiran Navgire,UPW,2024,retained,,30.0,
Erin Burns,RCB,2024,retained,,30.0,
Heather Graham,MI,2024,retained,,30.0,
Grace Harris,UPW,2024,retained,,75.0,
Alice Capsey,DC,2024,retained,,75.0,
Issy Wong,MI,2024,retained,,30.0,
Mansi Joshi,GG,2024,retained,,30.0,
Amanjot Kaur,MI,2024,retained,,50.0,
Dayalan Hemalatha,GG,2024,retained,,30.0,
Lauren Bell,UPW,2024,retained,,30.0,
Monica Patel,GG,2024,retained,,30.0,
Laura Harris,DC,2024,retained,,45.0,
Disha Kasat,RCB,2024,retained,,10.0,
Laxmi Yadav,UPW,2024,retained,,10.0,
Indrani Roy,RCB,2024,retained,,10.0,
Minnu Mani,DC,2024,retained,,30.0,
Shreyanka Patil,RCB,2024,retained,,10.0,
Kanika Ahuja,RCB,2024,retained,,35.0,
Tanuja Kanwar,GG,2024,retained,,50.0,
Saika Ishaque,MI,2024,retained,,10.0,
Asha Sobhana,RCB,2024,retained,,10.0,
Hayley Matthews,MI,2024,retained,,40.0,
Heather Knight,RCB,2024,retained,,40.0,
Taniya Bhatia,DC,2024,retained,,30.0,
Jess Jonassen,DC,2024,retained,,50.0,
Sneha Deepthi,DC,2024,retained,,30.0,
Arundhati Reddy,DC,2024,retained,,30.0,
Chloe Tryon,MI,2024,retained,,30.0,
Dane van Niekerk,RCB,2024,retained,,30.0,
Humaira Kazi,MI,2024,retained,,10.0,
Priyanka Bala,MI,2024,retained,,20.0,
Megan Schutt,RCB,2024,retained,,40.0,
Shabnam Shakil,GG,2024,retained,,10.0,
Jintimani Kalita,MI,2024,retained,,10.0,
Neelam Bisht,MI,2024,retained,,10.0,
Sahana Pawar,RCB,2024,retained,,10.0,
Jemimah Rodrigues,DC,2025,retained,,220.0,BAT
Meg Lanning,DC,2025,retained,,110.0,BAT
Shafali Verma,DC,2025,retained,,200.0,BAT
Radha Yadav,DC,2025,retained,,40.0,AR
Shikha Pandey,DC,2025,retained,,60.0,AR
Marizanne Kapp,DC,2025,retained,,150.0,AR
Titas Sadhu,DC,2025,retained,,25.0,BOWL
Alice Capsey,DC,2025,retained,,75.0,AR
Minnu Mani,DC,2025,retained,,30.0,AR
Taniya Bhatia,DC,2025,retained,,30.0,BAT
Jess Jonassen,DC,2025,retained,,50.0,AR
Sneha Deepthi,DC,2025,retained,,30.0,BAT
Arundhati Reddy,DC,2025,retained,,30.0,AR
Annabel Sutherland,DC,2025,retained,,200.0,AR
Ashleigh Gardner,GG,2025,retained,,320.0,AR
Beth Mooney,GG,2025,retained,,200.0,BAT
Harleen Deol,GG,2025,retained,,40.0,AR
Dayalan Hemalatha,GG,2025,retained,,30.0,AR
Tanuja Kanwar,GG,2025,retained,,50.0,AR
Shabnam Shakil,GG,2025,retained,,10.0,BOWL
Laura Wolvaardt,GG,2025,retained,,30.0,BAT
Phoebe Litchfield,GG,2025,retained,,100.0,BAT
Meghna Singh,GG,2025,retained,,30.0,AR
Mannat Kashyap,GG,2025,retained,,10.0,AR
Kashvee Gautam,GG,2025,retained,,200.0,AR
Priya Mishra,GG,2025,retained,,20.0,BOWL
Sayali Satghare,GG,2025,retained,,10.0,AR
Bharti Fulmali,GG,2025,retained,,10.0,BAT
Harmanpreet Kaur,MI,2025,retained,,180.0,AR
Nat Sciver-Brunt,MI,2025,retained,,320.0,AR
Melie Kerr,MI,2025,retained,,100.0,AR
Pooja Vastrakar,MI,2025,retained,,190.0,AR
Yastika Bhatia,MI,2025,retained,,150.0,BAT
Amanjot Kaur,MI,2025,retained,,50.0,AR
Saika Ishaque,MI,2025,retained,,10.0,BOWL
Hayley Matthews,MI,2025,retained,,40.0,AR
Chloe Tryon,MI,2025,retained,,30.0,AR
Jintimani Kalita,MI,2025,retained,,10.0,AR
Shabnim Ismail,MI,2025,retained,,120.0,BOWL
Sajeevan Sajana,MI,2025,retained,,15.0,AR
Amandeep Kaur,MI,2025,retained,,10.0,AR
Sathyamoorthy Keerthana,MI,2025,retained,,10.0,AR
Smriti Mandhana,RCB,2025,retained,,340.0,BAT
Sophie Devine,RCB,2025,retained,,50.0,AR
Ellyse Perry,RCB,2025,retained,,170.0,AR
Renuka Singh,RCB,2025,retained,,150.0,BOWL
Richa Ghosh,RCB,2025,retained,,190.0,BAT
Shreyanka Patil,RCB,2025,retained,,10.0,AR
Kanika Ahuja,RCB,2025,retained,,35.0,AR
Asha Sobhana,RCB,2025,retained,,10.0,BOWL
Georgia Wareham,RCB,2025,retained,,40.0,AR
Kate Cross,RCB,2025,retained,,30.0,BOWL
Ekta Bisht,RCB,2025,retained,,60.0,BOWL
Sabbhineni Meghana,RCB,2025,retained,,30.0,BAT
Sophie Molineux,RCB,2025,retained,,30.0,AR
Danni Wyatt-Hodge,RCB,2025,sold,,30.0,BAT
Sophie Ecclestone,UPW,2025,retained,,180.0,AR
Deepti Sharma,UPW,2025,retained,,260.0,AR
Tahlia McGrath,UPW,2025,retained,,140.0,AR
Alyssa Healy,UPW,2025,retained,,70.0,BAT
Anjali Sarvani,UPW,2025,retained,,55.0,BOWL
Rajeshwari Gayakwad,UPW,2025,retained,,40.0,BOWL
Shweta Sehrawat,UPW,2025,retained,,40.0,BAT
Kiran Navgire,UPW,2025,retained,,30.0,BAT
Grace Harris,UPW,2025,retained,,75.0,AR
Dinesh Vrinda,UPW,2025,retained,,130.0,BAT
Poonam Khemnar,UPW,2025,retained,,10.0,AR
Saima Thakor,UPW,2025,retained,,10.0,AR
Gouher Sultana,UPW,2025,retained,,30.0,BOWL
Chamari Athapaththu,UPW,2025,retained,,30.0,AR
Uma Chetry,UPW,2025,retained,,10.0,BAT
Lauren Bell,,2025,unsold,30.0,,BOWL
Maia Bouchier,,2025,unsold,30.0,,BAT
Darcie Brown,,2025,unsold,30.0,,BOWL
Lauren Cheatle,,2025,unsold,30.0,,BOWL
Nadine de Klerk,MI,2025,sold,30.0,30.0,AR
Deandra Dottin,GG,2025,sold,50.0,170.0,AR
Kim Garth,,2025,unsold,30.0,,BOWL
Dani Gibson,GG,2025,sold,30.0,30.0,AR
Sarah Glenn,,2025,unsold,30.0,,BOWL
Heather Graham,,2025,unsold,30.0,,AR
Tejal Hasabnis,,2025,unsold,30.0,,AR
Chinelle Henry,,2025,unsold,30.0,,AR
Heather Knight,,2025,unsold,50.0,,BAT
Alana King,UPW,2025,sold,30.0,30.0,BOWL
Challuru Prathyusha,,2025,unsold,30.0,,AR
Orla Prendergast,,2025,unsold,30.0,,AR
Sneh Rana,,2025,unsold,30.0,,AR
Shubha Satheesh,,2025,unsold,30.0,,AR
Sushma Verma,,2025,unsold,30.0,,BAT
Poonam Yadav,,2025,unsold,30.0,,BOWL
Raghvi Bist,RCB,2025,sold,10.0,10.0,AR
Shree Charani,DC,2025,sold,10.0,55.0,AR
Laura Harris,,2025,unsold,10.0,,BAT
Ira Jadhav,,2025,unsold,10.0,,BAT
Fatima Jaffer,,2025,unsold,10.0,,AR
Humaira Kazi,,2025,unsold,10.0,,AR
Gunalan Kamalini,MI,2025,sold,10.0,160.0,BAT
Nandini Kashyap,DC,2025,sold,10.0,10.0,BAT
Jagravi Pawar,RCB,2025,sold,10.0,10.0,BOWL
Pratika Rawal,,2025,unsold,10.0,,BAT
Prema Rawat,RCB,2025,sold,10.0,120.0,AR
Simran Shaikh,GG,2025,sold,10.0,190.0,BAT
Tanisha Singh,,2025,unsold,10.0,,AR
Sonal Thakur,,2025,unsold,10.0,,AR
Soppadhandi Yashasri,,2025,unsold,10.0,,BOWL
Nicola Carey,,2025,unsold,30.0,,AR
Sophia Dunkley,,2025,unsold,30.0,,BAT
Lauren Filer,,2025,unsold,30.0,,BOWL
Mansi Joshi,,2025,unsold,30.0,,AR
Lizelle Lee,,2025,unsold,50.0,,BAT
Rosemary Mair,,2025,unsold,30.0,,BOWL
Madhuri Mehta,,2025,unsold,30.0,,BAT
Nuzhat Parween,,2025,unsold,30.0,,BAT
Paige Scholfield,,2025,unsold,30.0,,AR
Amanda-Jade Wellington,,2025,unsold,30.0,,AR
Bahukhandi Amisha,,2025,unsold,10.0,,BOWL
Priyanka Bala,,2025,unsold,10.0,,BAT
Gunjan Bhandari,,2025,unsold,10.0,,AR
Salonee Dangore,,2025,unsold,10.0,,AR
Milly Illingworth,,2025,unsold,10.0,,BOWL
Kumar Prathyoosha,,2025,unsold,10.0,,BAT
Ashwani Kumari,,2025,unsold,10.0,,AR
Shashi Mathur,,2025,unsold,10.0,,BAT
Aparna Mondal,,2025,unsold,10.0,,BAT
Anshu Nagar,,2025,unsold,10.0,,BOWL
Tanisha Ohlan,,2025,unsold,10.0,,BAT
Tarannum Pathan,,2025,unsold,10.0,,AR
Shradda Pokharkar,,2025,unsold,10.0,,BOWL
Niki Prasad,DC,2025,sold,10.0,10.0,AR
Laxmi Yadav,,2025,unsold,10.0,,BAT
Manali Dakshini,,2025,unsold,10.0,,AR
Rima Ekka,,2025,unsold,10.0,,BOWL
Rahila Firdous,,2025,unsold,10.0,,BAT
Shipra Giri,,2025,unsold,10.0,,BAT
Arushi Goel,UPW,2025,sold,10.0,10.0,BAT
Kranti Gaud,UPW,2025,sold,10.0,10.0,AR
Sanskriti Gupta,MI,2025,sold,10.0,10.0,AR
Priyanka Koushal,,2025,unsold,10.0,,AR
Suman Meena,,2025,unsold,10.0,,BOWL
Shivani Singh,,2025,unsold,10.0,,BAT
Parunika Sisodia,,2025,unsold,10.0,,BOWL
Rubia Syed,,2025,unsold,10.0,,AR
Jyoti Thakur,,2025,unsold,10.0,,AR
Gongadi Trisha,,2025,unsold,10.0,,AR
VJ Joshitha,RCB,2025,sold,10.0,10.0,AR
Abdul Safina,,2025,unsold,10.0,,AR
Samantha Bates,,2025,unsold,10.0,,BOWL
Bhardwaj Neelam,,2025,unsold,10.0,,AR
Monikha Das,,2025,unsold,10.0,,AR
Tess Flintoff,,2025,unsold,10.0,,AR
Sushmita Ganguly,,2025,unsold,10.0,,BOWL
Devika Kandregula,,2025,unsold,10.0,,AR
Nazma Khan,,2025,unsold,10.0,,AR
Charli Knott,,2025,unsold,10.0,,AR
Ranga Lakshmi,,2025,unsold,10.0,,BAT
Kanchan Nagwani,,2025,unsold,10.0,,AR
Tanusree Sarkar,,2025,unsold,10.0,,AR
Nandani Sharma,,2025,unsold,10.0,,BOWL
Tripti Singh,,2025,unsold,10.0,,BAT
Sonam Yadav,,2025,unsold,10.0,,BAT
Bhavika Ahire,,2025,unsold,10.0,,BAT
Khushi Bhatia,,2025,unsold,10.0,,BAT
Manmeet Kaur,,2025,unsold,10.0,,BAT
Krutika Chaudhari,,2025,unsold,10.0,,BOWL
Riya Chaudhari,,2025,unsold,10.0,,BAT
Najla CMC,,2025,unsold,10.0,,AR
Hurley Gala,,2025,unsold,10.0,,AR
Suman Gulia,,2025,unsold,10.0,,AR
Prakashika Naik,GG,2025,sold,10.0,10.0,BOWL
Mousumi Narah,,2025,unsold,10.0,,BOWL
Hani Patel,,2025,unsold,10.0,,BOWL
Anushka Sharma,,2025,unsold,10.0,,AR
Shivali Shinde,,2025,unsold,10.0,,BAT
Upasana Yadav,,2025,unsold,10.0,,BAT
Priti Yadav,,2025,unsold,10.0,,AR
Sarah Bryce,DC,2025,sold,10.0,10.0,BAT
Arshi Choudhary,,2025,unsold,10.0,,AR
Archana Devi,,2025,unsold,10.0,,AR
Samaira Dharnidharka,,2025,unsold,10.0,,AR
Mehak Kesar,,2025,unsold,10.0,,BOWL
Komalpreet Kaur,,2025,unsold,10.0,,BOWL
Akshita Maheshwari,MI,2025,sold,20.0,20.0,AR
Rameswari Naik,,2025,unsold,10.0,,BOWL
Falak Naz,,2025,unsold,10.0,,AR
Mamta Rani,,2025,unsold,10.0,,BOWL
Theertha Satish,,2025,unsold,10.0,,BAT
Shanu Sen,,2025,unsold,10.0,,BOWL
Neetu Singh,,2025,unsold,10.0,,AR
Sundaresan Anusha,,2025,unsold,10.0,,AR
Sunanda Yetrekar,,2025,unsold,10.0,,BOWL
Simran Bahadur,,2025,unsold,30.0,,AR
Indrani Roy,,2025,unsold,10.0,,WK
Preeti Bose,,2025,unsold,10.0,,BOWL
Jemimah Rodrigues,DC,2026,retained,,220.0,BAT
Shafali Verma,DC,2026,retained,,220.0,BAT
Annabel Sutherland,DC,2026,retained,,220.0,AR
Marizanne Kapp,DC,2026,retained,,220.0,AR
Niki Prasad,DC,2026,retained,,50.0,AR
Ashleigh Gardner,GG,2026,retained,,350.0,AR
Beth Mooney,GG,2026,retained,,250.0,BAT
Nat Sciver-Brunt,MI,2026,retained,,350.0,AR
Harmanpreet Kaur,MI,2026,retained,,250.0,AR
Hayley Matthews,MI,2026,retained,,175.0,AR
Amanjot Kaur,MI,2026,retained,,100.0,AR
Gunalan Kamalini,MI,2026,retained,,50.0,BAT
Smriti Mandhana,RCB,2026,retained,,350.0,BAT
Richa Ghosh,RCB,2026,retained,,275.0,BAT
Ellyse Perry,RCB,2026,retained,,200.0,AR
Shreyanka Patil,RCB,2026,retained,,60.0,AR
Shweta Sehrawat,UPW,2026,retained,,50.0,BAT
Sophie Devine,GG,2026,sold,50.0,200.0,AR
Sophie Ecclestone,UPW,2026,sold,50.0,85.0,BOWL
Alyssa Healy,,2026,unsold,50.0,,BAT
Melie Kerr,MI,2026,sold,50.0,300.0,AR
Meg Lanning,UPW,2026,sold,50.0,190.0,BAT
Deepti Sharma,UPW,2026,sold,50.0,320.0,AR
Renuka Singh,GG,2026,sold,40.0,60.0,BOWL
Laura Wolvaardt,DC,2026,sold,30.0,110.0,BAT
Tazmin Brits,,2026,unsold,30.0,,BAT
Bharti Fulmali,GG,2026,sold,30.0,70.0,BAT
Phoebe Litchfield,UPW,2026,sold,50.0,120.0,BAT
Sabbhineni Meghana,,2026,unsold,30.0,,BAT
Kiran Navgire,UPW,2026,sold,40.0,60.0,BAT
Georgia Voll,RCB,2026,sold,40.0,60.0,BAT
Nadine de Klerk,RCB,2026,sold,30.0,65.0,AR
Harleen Deol,UPW,2026,sold,50.0,50.0,AR
Grace Harris,RCB,2026,sold,30.0,75.0,AR
Chinelle Henry,DC,2026,sold,30.0,130.0,AR
Sneh Rana,DC,2026,sold,30.0,50.0,AR
Shree Charani,DC,2026,sold,30.0,130.0,AR
Radha Yadav,RCB,2026,sold,30.0,65.0,AR
Uma Chetry,,2026,unsold,50.0,,BAT
Isabella Gaze,,2026,unsold,40.0,,BAT
Amy Jones,,2026,unsold,50.0,,BAT
Lizelle Lee,DC,2026,sold,30.0,30.0,BAT
Lauren Bell,RCB,2026,sold,30.0,90.0,BOWL
Darcie Brown,,2026,unsold,30.0,,BOWL
Lauren Cheatle,,2026,unsold,30.0,,BOWL
Kranti Gaud,UPW,2026,sold,50.0,50.0,BOWL
Shabnim Ismail,MI,2026,sold,40.0,60.0,BOWL
Titas Sadhu,GG,2026,sold,30.0,30.0,BOWL
Saika Ishaque,MI,2026,sold,30.0,30.0,BOWL
Alana King,,2026,unsold,40.0,,BOWL
Priya Mishra,,2026,unsold,30.0,,BOWL
Linsey Smith,RCB,2026,sold,30.0,30.0,BOWL
Asha Sobhana,UPW,2026,sold,30.0,110.0,BOWL
Amanda-Jade Wellington,,2026,unsold,30.0,,BOWL
Sanika Chalke,,2026,unsold,10.0,,BAT
Manmeet Kaur,,2026,unsold,10.0,,BAT
Dinesh Vrinda,,2026,unsold,10.0,,BAT
Arushi Goel,,2026,unsold,10.0,,BAT
Disha Kasat,,2026,unsold,10.0,,BAT
Davina Perrin,,2026,unsold,20.0,,BAT
Deeya Yadav,DC,2026,sold,10.0,10.0,BAT
Sanskriti Gupta,MI,2026,sold,20.0,20.0,AR
Humaira Kazi,,2026,unsold,10.0,,AR
Jintimani Kalita,,2026,unsold,10.0,,AR
Amandeep Kaur,,2026,unsold,20.0,,AR
Prema Rawat,RCB,2026,sold,10.0,20.0,AR
Soppadhandi Yashasri,,2026,unsold,10.0,,AR
Gongadi Trisha,UPW,2026,sold,10.0,10.0,AR
Khushi Bhatia,,2026,unsold,10.0,,BAT
Shipra Giri,UPW,2026,sold,10.0,10.0,BAT
Nandini Kashyap,,2026,unsold,10.0,,BAT
Kumar Prathyoosha,RCB,2026,sold,10.0,10.0,BAT
Madiwala Mamatha,DC,2026,sold,10.0,10.0,BAT
Milly Illingworth,MI,2026,sold,10.0,10.0,BOWL
Komalpreet Kaur,,2026,unsold,10.0,,BOWL
Happy Kumari,GG,2026,sold,10.0,10.0,BOWL
Shabnam Shakil,,2026,unsold,10.0,,BOWL
Nandani Sharma,DC,2026,sold,20.0,20.0,BOWL
Priyanka Koushal,,2026,unsold,10.0,,BOWL
Prakashika Naik,,2026,unsold,10.0,,BOWL
Jagravi Pawar,,2026,unsold,10.0,,BOWL
Bharti Rawal,,2026,unsold,10.0,,BOWL
Parunika Sisodia,,2026,unsold,10.0,,BOWL
Sneha Deepthi,,2026,unsold,30.0,,BAT
Heather Knight,,2026,unsold,50.0,,BAT
Mona Meshram,,2026,unsold,30.0,,BAT
Priya Punia,,2026,unsold,30.0,,BAT
Danni Wyatt-Hodge,GG,2026,sold,50.0,50.0,BAT
Deandra Dottin,UPW,2026,sold,50.0,80.0,AR
Kim Garth,GG,2026,sold,50.0,50.0,AR
Kashvee Gautam,GG,2026,sold,30.0,65.0,AR
Minnu Mani,DC,2026,sold,40.0,40.0,AR
Shikha Pandey,UPW,2026,sold,40.0,240.0,AR
Pratika Rawal,UPW,2026,sold,50.0,50.0,AR
Arundhati Reddy,RCB,2026,sold,30.0,75.0,AR
Sajeevan Sajana,MI,2026,sold,30.0,75.0,AR
Pooja Vastrakar,RCB,2026,sold,50.0,85.0,AR
Taniya Bhatia,DC,2026,sold,30.0,30.0,BAT
Yastika Bhatia,GG,2026,sold,30.0,50.0,BAT
Nuzhat Parween,,2026,unsold,30.0,,BAT
Marufa Akter,,2026,unsold,30.0,,BOWL
Lea Tahuhu,,2026,unsold,30.0,,BOWL
Eden Carson,,2026,unsold,30.0,,BOWL
Rajeshwari Gayakwad,GG,2026,sold,40.0,40.0,BOWL
Fran Jonas,,2026,unsold,30.0,,BOWL
Shuchi Upadhyay,,2026,unsold,30.0,,BOWL
Simran Shaikh,UPW,2026,sold,10.0,10.0,BAT
Salonee Dangore,,2026,unsold,10.0,,AR
Laura Harris,,2026,unsold,10.0,,AR
Nazma Khan,,2026,unsold,10.0,,AR
Poonam Khemnar,MI,2026,sold,10.0,10.0,AR
Rahila Firdous,MI,2026,sold,10.0,10.0,BAT
Theertha Satish,,2026,unsold,10.0,,BAT
Shivani Singh,GG,2026,sold,10.0,10.0,BAT
Komal Zanzad,,2026,unsold,10.0,,BOWL
Sahana Pawar,,2026,unsold,10.0,,BOWL
Shanu Sen,,2026,unsold,10.0,,BOWL
Kanika Ahuja,GG,2026,sold,30.0,30.0,AR
Alice Capsey,,2026,unsold,30.0,,AR
Dayalan Hemalatha,RCB,2026,sold,30.0,30.0,AR
Tanuja Kanwar,GG,2026,sold,30.0,45.0,AR
Saima Thakor,,2026,unsold,30.0,,AR
Georgia Wareham,GG,2026,sold,50.0,100.0,AR
Courtney Webb,,2026,unsold,10.0,,BAT
Ashwani Kumari,,2026,unsold,10.0,,AR
Tara Norris,UPW,2026,sold,10.0,10.0,AR
Anushka Sharma,GG,2026,sold,10.0,45.0,AR
Vaishnavi Sharma,,2026,unsold,10.0,,AR
Shivali Shinde,,2026,unsold,10.0,,BAT
Gargi Wankar,,2026,unsold,10.0,,BOWL
Heather Graham,,2026,unsold,50.0,,AR
Tejal Hasabnis,,2026,unsold,30.0,,AR
Sayali Satghare,,2026,unsold,30.0,,AR
Ayushi Soni,GG,2026,sold,30.0,30.0,AR
Chloe Tryon,UPW,2026,sold,30.0,30.0,AR
Lucy Hamilton,DC,2026,sold,10.0,10.0,AR
Nicola Carey,MI,2026,sold,30.0,30.0,AR
Issy Wong,,2026,unsold,30.0,,AR
Rabeya Khan,,2026,unsold,30.0,,AR
Pragati Singh,,2026,unsold,10.0,,AR
Triveni Vasistha,MI,2026,sold,20.0,20.0,AR
Suman Meena,UPW,2026,sold,10.0,10.0,AR
Gautami Naik,RCB,2026,sold,10.0,10.0,AR
Kranthi Reddy,MI,2026,sold,10.0,10.0,AR
Aayushi Shukla,,2026,unsold,10.0,,AR
